fy_year,y,Financial year ending
2018-19,-4.18191447894658,2019
2019-20,-4.3635030962364,2020
2020-21,-4.49944486895377,2021
2021-22,-4.6174938570857,2022
2022-23,-10.2829859857434,2023
2023-24,-10.8026139105564,2024
2024-25,-17.9529605030019,2025
2025-26,-19.1036473489861,2026
2026-27,-20.3175667906084,2027
2027-28,-21.5856838405358,2028
